item_nbr,item_aug
96995,319.1
99197,742
103501,307
103520,486
103665,713
105574,523
105575,742
105576,360
105577,718
105693,425
105737,210
105857,121
106716,402
108079,268
108634,959
108696,499
108698,411
108701,428
108786,179
108797,343
108831,729
108833,345
108862,514
108952,366
111223,516
111397,120
112830,66
114778,487
114790,872
114799,688
114800,610
115267,808
115611,263
115693,821
115720,479
115847,344
115850,2
115891,599
115892,547
115893,870
115894,526
116017,776
116018,484
116279,239
116311,513
119023,247
119024,703
119026,258
119141,473
119187,114
119191,540
119193,510
119624,58
121964,221
122095,540
122418,233
122419,518
122425,954
123347,965
123601,407
123602,198
123927,300
125430,325
127534,339
127547,299
129296,893
129297,234
129635,196
129758,141
129759,99
153078,640
153239,298
153267,828
153395,524
153398,536
155499,883
155500,824
155600,414
155601,294
155607,253
155610,104
155621,461
155625,543
157956,935
158680,554
158788,174
158789,191
158842,357
158875,835
158956,213
159156,584
159242,282
161288,558
162066,382
164036,698
164037,661
164088,850
164647,815
165550,398
165551,321
165553,431
165594,261
165693,483
165704,900
165705,940
165718,777
165727,789
165988,451
167437,348
168927,439
168930,86
168931,26
168989,617
169028,798
169101,117
169104,395
170791,422
171890,855
172184,284
172343,143
172995,875
173111,986
173113,549
174081,506
176411,969
177050,264
177395,546
179274,859
179564,840
179579,392
179600,405
179615,412
205209,264
205381,17
205387,862
205486,259
205557,349
207857,443
208384,461
208386,962
208426,454
208498,24
208514,265
208530,540
208539,172
208659,414
208699,945
209085,879
210520,176
210798,922
211203,756
211205,251
211206,603
211999,515
212550,19
212552,860
213066,221
213652,908
213653,644
213788,167
214381,971
214859,98
214860,215
214862,537
215303,623
215304,653
215327,956
215331,178
215332,683
215352,790
215356,910
215370,614
215468,567
215896,975
217827,642
218726,516
218728,4
219147,958
219150,635
219152,962
220432,304
220435,508
220613,208
221506,228
222879,31
222975,610
223068,172
223136,662
223434,722
223463,798
224081,753
226126,225
226857,455
227111,384
227728,202
229368,981
246052,730
250782,128
252698,849
252970,905
252972,351
253103,580
253145,283
255161,762
255198,702
255199,450
255202,592
257847,101
257848,778
258268,996
258376,860
258395,556
258396,849
258411,771
258537,416
260628,297
260669,507
260893,590
261052,507
261053,339
261700,905
262358,891
262991,696
263583,821
264299,222
264300,797
264305,340
264452,352
264576,565
264751,965
264752,310
264753,543
265086,948
265237,82
265254,307
265257,878
265258,628
265266,737
265279,141
265382,303
265559,932
265672,603
265700,796
268440,765
268443,206
268446,842
268623,852
268662,336
268664,815
268676,881
268834,297
269029,604
269036,617
269084,540
269286,973
269287,802
270522,926
271478,887
271479,410
273528,195
273859,486
275823,582
275826,191
276560,322
278806,310
279125,624
279137,17
279157,258
279494,455
302824,495
302952,758
302995,237
302997,786
302998,987
305074,685
305079,760
305080,30
305081,554
305227,218
305229,132
305234,257
305237,772
305341,144
305344,762
305345,810
307740,502
308085,343
308726,836
308766,452
308916,815
308924,281
310644,388
310647,579
310671,12
310790,313
311954,706
311994,246
312113,769
312317,167
312324,801
312596,304
313094,70
313641,991
314384,664
314393,597
314570,4
314879,743
314880,256
314881,459
315176,472
315178,337
315179,241
315180,201
315220,298
315221,990
315277,3
315279,156
315320,901
315322,779
315460,218
315463,672
315473,442
315474,518
315712,753
315713,132
315753,972
317147,120
317285,464
318787,331
318847,613
318932,14
318935,397
319093,854
319094,817
319095,453
319272,53
320681,665
320682,693
321798,529
322094,173
322095,139
323013,63
323217,704
323227,854
323921,824
324206,453
326951,579
329070,114
329071,217
329361,48
329362,108
329364,570
329365,709
329397,313
346065,814
346066,137
346406,775
352513,136
354918,363
354919,842
354922,968
354964,221
354971,996
355090,423
355091,470
357961,13
357962,673
357963,174
357996,264
358096,456
358100,89
358134,195
358231,421
358232,660
358264,95
358272,293
358515,811
358519,542
358561,934
358564,973
359913,709
360313,574
360314,207
360703,389
360704,304
360705,992
361502,66
362035,348
362548,606
363049,859
363868,769
363889,597
363895,857
364413,265
364606,952
364724,8
364738,231
364829,536
364832,581
364834,288
364865,734
365138,630
365139,880
365140,204
365264,482
368136,12
368139,829
368140,655
368213,515
368260,321
368270,876
368419,95
368424,508
368624,488
368628,653
369432,526
370042,842
371130,782
371218,618
371434,106
371437,861
371438,514
372369,872
372480,946
372924,750
372937,725
373152,149
374464,898
376194,467
376427,20
376483,118
377978,238
378330,658
378332,293
378685,267
401817,414
401911,101
402136,172
402174,337
402175,200
402299,681
404332,720
404333,894
404334,67
404336,668
404439,686
404442,100
404454,478
405304,943
406965,508
407499,660
407500,817
407533,56
407542,463
407552,558
407608,604
407769,722
409738,33
409739,64
409904,691
410150,580
410257,942
410866,711
411487,418
411555,881
411557,93
413557,275
413986,954
413987,148
414305,577
414353,270
414354,828
414421,438
414425,984
414426,776
414454,306
414455,570
414478,949
414620,404
414621,430
414623,181
414750,259
414752,806
414888,341
416252,411
417763,237
417765,138
417835,714
418024,152
418025,598
418026,26
418235,609
418238,757
419729,60
420720,495
421066,532
422452,200
426155,605
428054,702
428394,304
428488,329
437609,389
452022,251
452078,920
452079,590
452212,722
454326,69
454413,326
454414,518
454416,597
454426,154
454589,614
454593,57
454596,473
456870,701
456875,75
457424,562
457425,632
457471,318
457556,861
457574,504
457688,916
457727,844
457928,214
458029,992
459762,909
459801,886
459804,817
460804,144
461432,78
461752,730
462673,689
463458,701
463598,275
463816,362
463901,72
463903,220
464112,682
464263,87
464302,558
464333,732
464334,72
464336,856
464339,961
464356,723
464374,922
464385,408
464536,121
464906,210
464907,745
464940,537
467808,80
467887,602
468057,367
468058,332
468265,496
469643,365
470624,418
470625,315
470760,172
470762,301
471980,1
471985,178
472314,399
472526,838
472645,674
472658,567
476261,388
476707,196
479200,833
502067,801
502182,534
502224,129
502227,714
502230,680
502331,355
504457,804
506717,249
507354,694
507457,734
507478,445
507479,876
507641,664
507867,903
507870,220
507927,435
507958,987
507969,194
508069,72
508947,909
509872,561
509877,981
510052,356
510054,504
510055,694
510057,479
511172,575
511394,394
511397,687
513379,274
513853,33
513855,791
514144,672
514149,961
514172,184
514242,141
514327,498
514444,915
514445,930
514446,263
514597,514
514729,289
514730,615
514757,4
517615,58
517903,347
517904,548
517905,698
517906,500
517909,56
518091,606
518094,554
519560,439
519718,556
521818,236
522383,198
522721,220
522941,374
523054,509
525887,556
525902,776
527757,325
546043,182
551893,7
552050,669
554047,828
554048,565
554049,379
554143,329
554144,869
554145,938
554152,781
556698,59
557241,928
557256,723
557257,321
557285,359
557286,385
557289,44
557305,826
557408,444
557420,400
557810,108
558730,643
559044,706
559493,925
559494,142
559680,289
559682,280
559870,357
559872,365
559873,315
562568,970
563654,539
563966,313
564110,600
564272,606
564274,686
564287,275
564288,890
564533,9
564534,491
567517,929
567579,188
567588,753
567623,132
567644,210
567750,287
567778,58
567779,837
567781,806
567787,479
568133,38
570869,156
570870,603
570917,40
570922,963
572838,344
573832,401
574898,476
575630,947
575675,994
575863,546
575875,896
575876,28
577740,763
577741,838
577743,373
577745,938
578097,34
578467,536
579759,356
580929,266
581078,335
581742,902
582863,815
582864,212
582865,712
583795,350
583797,275
583799,593
583868,681
583925,403
583927,471
583931,297
583968,494
583973,235
583975,985
583977,226
583978,960
583985,9
584026,49
584027,407
584028,160
584030,538
584032,59
584076,647
584077,267
584078,804
584099,512
584101,729
584103,482
584123,921
584125,335
584126,69
584129,961
584188,115
584246,273
586423,456
586823,402
586824,668
586911,614
586967,634
586969,459
587069,962
587104,954
587156,757
587157,34
587186,6
589403,148
592801,619
592942,540
594045,28
598414,985
598492,97
603255,90
608035,76
617092,57
617096,13
617103,223
617113,613
617548,221
617763,503
619965,315
619969,929
621300,950
622958,309
623316,26
623317,339
623330,973
627263,308
627885,69
627887,618
633735,964
633977,138
633996,22
633997,503
634008,181
634009,578
634010,676
634014,180
634015,642
634054,443
636846,518
637016,568
638240,183
638296,842
638308,116
638327,903
638977,643
638978,109
639586,306
640286,987
641042,636
641627,480
645294,776
648313,42
651326,475
651523,360
651525,95
655427,124
655744,220
655749,411
655840,730
657869,628
658608,89
658609,634
660310,246
660311,321
660312,717
660318,82
660319,667
660320,400
660321,996
660323,816
660502,652
660503,302
661582,57
663084,135
664537,797
664539,657
664543,470
664545,70
668752,523
668753,170
668754,235
671039,122
671051,887
671055,80
671062,534
671066,819
671067,974
671068,157
671076,542
671079,658
671083,542
671084,281
671684,632
671699,810
671706,415
671708,742
671908,365
673306,258
673415,871
673496,632
675524,207
679442,914
679602,412
679603,604
679604,743
679926,907
681606,968
682321,876
682884,988
683720,996
683721,242
683722,247
683723,549
686034,791
686035,424
686036,592
687549,929
688279,203
691945,770
692104,473
692105,233
692106,92
692531,448
692537,119
695758,849
696183,983
698642,783
698643,256
699686,778
699687,305
699688,153
699689,76
699692,535
699693,123
699703,759
699745,450
700607,645
700609,208
700610,107
716241,589
716242,367
716245,79
716250,830
716958,197
723184,707
723210,646
724003,231
724359,107
724360,534
724403,10
724498,809
729337,465
730258,137
730259,559
732006,166
732007,150
736128,592
738219,732
740713,171
740714,298
740722,666
740723,425
740726,372
740728,218
740729,566
741201,615
741922,143
742735,370
742738,833
743494,466
743496,274
743497,407
749421,66
749720,17
749729,620
750855,556
750856,305
750857,480
751759,946
752167,728
752987,709
754103,208
757880,375
757888,886
757889,847
758861,781
759651,311
759657,658
759694,797
759697,700
759698,529
759890,20
759893,848
759894,824
760319,308
762405,382
764438,109
764439,360
765092,2
765517,337
765518,112
765519,216
765520,156
766493,141
767183,846
767184,211
769312,743
769314,588
770447,745
770449,841
770453,621
770456,859
770461,364
770463,35
770511,645
771156,221
771157,2
776057,688
776622,569
779122,738
781794,999
781796,108
781797,116
781798,987
781936,911
783243,856
787426,795
788172,99
788708,45
789223,713
789224,587
789904,528
789905,896
789906,900
789907,450
793341,827
793345,186
793346,64
794245,984
795610,438
795611,805
795612,122
796394,210
796395,530
796396,432
799461,905
800958,121
801217,257
801934,759
802831,279
802832,762
802833,348
803101,612
804098,311
804503,385
804932,493
804974,450
805310,601
805311,909
805321,333
805788,477
807493,610
807495,477
809183,24
809184,885
809882,344
812716,943
812725,412
812726,521
812728,631
812735,221
812751,48
812757,122
812769,559
813167,270
813760,836
813769,14
813770,49
816606,805
816679,74
818588,804
818590,344
819194,506
819195,685
819206,55
819209,463
819227,890
819228,433
819230,942
819231,371
819932,394
819933,511
819934,26
820003,415
820006,27
820500,144
820645,994
821186,400
823245,187
827911,533
828204,177
828630,601
828632,366
829389,389
829414,635
829658,747
830624,90
830625,890
830749,784
830797,929
830806,594
830829,481
833395,687
833396,805
833644,320
838215,606
838216,895
838217,749
838400,407
838406,537
838407,705
838408,913
838409,948
838412,714
838413,88
838415,288
838832,879
838842,469
838844,836
838875,836
839362,974
839363,536
839364,162
839367,549
839544,703
839545,151
841197,181
841514,929
841570,599
841583,547
841607,801
841612,760
841614,291
841667,354
841841,461
841842,691
843411,319
843459,468
843462,82
843585,400
843589,577
843607,830
843608,592
843609,52
843610,121
844017,477
844019,735
844793,823
844795,976
846163,315
846565,397
847569,610
847575,675
847859,745
847863,560
847894,485
848765,247
848953,796
849080,374
849095,440
849098,773
849135,498
849136,895
849139,246
849142,812
849312,376
849941,463
850333,857
850334,170
850388,67
850389,59
850460,646
850542,477
850545,303
851982,930
852110,167
852620,843
852934,207
852937,913
852938,566
853195,654
853196,334
856687,345
856688,319
857324,562
857327,239
857331,425
857332,478
858872,936
859529,972
859932,417
859966,3
860548,584
860549,118
862213,764
862454,18
864288,327
864290,217
864508,53
864510,695
864511,504
865147,955
865155,67
866927,518
867850,893
868529,122
869837,832
870544,209
870545,840
870546,942
870938,299
871118,605
871421,748
871511,211
871512,988
871513,239
871514,99
871600,346
872306,510
872307,44
872308,29
872309,302
872310,505
872317,344
873687,22
874593,495
874598,267
874990,276
875604,379
876223,743
876224,172
876225,204
876226,631
876663,338
877513,396
877514,103
878715,886
881701,408
881910,139
881911,772
881912,345
882624,794
883336,931
884878,80
885543,846
885553,505
886067,153
886396,701
886398,753
888063,792
888630,111
888682,266
888689,860
888761,352
888763,548
890213,697
890214,291
890215,489
890371,395
890372,647
890374,551
890375,498
890825,787
892076,285
895291,484
897348,534
898656,555
900196,870
902198,221
902200,726
902202,53
902839,933
903283,700
903284,914
903285,819
903286,751
903955,132
906979,899
906980,591
906981,480
907671,525
907684,921
907686,8
908741,116
909361,570
910928,932
911429,176
911871,176
911989,326
911990,766
913102,883
913363,985
913364,366
913521,33
913526,813
913964,528
913966,33
913967,957
913968,69
915310,245
915351,316
915810,941
915821,540
915822,299
915980,799
916885,171
916886,742
916887,674
920607,487
921042,339
926958,661
928477,182
929627,876
929893,662
930247,886
932281,809
933780,482
936341,979
936994,481
937953,715
938125,166
938126,71
938129,316
938436,579
938566,898
938567,780
938570,963
938574,257
938575,562
938576,105
938657,926
938659,991
939129,388
939130,511
939131,946
939207,602
939210,469
939661,836
939662,561
939663,210
940585,736
940590,141
940591,961
940592,231
940616,928
940638,289
940664,787
940665,429
946277,862
946671,763
949053,228
949243,494
949296,58
949297,583
949298,629
949299,228
949510,847
949511,524
949629,413
951675,953
953404,19
953413,947
953420,827
953427,825
953428,663
953562,635
953609,625
954553,243
954796,419
954805,593
956011,656
956012,976
956013,141
956014,509
957096,326
957098,933
958015,196
958016,52
958514,670
958516,847
958519,913
959437,79
959500,546
959502,663
962600,653
962601,438
964752,735
964753,410
964848,114
967021,207
968432,899
968935,888
968936,690
968937,635
977007,5
979195,129
979196,403
979197,360
979199,77
979553,299
979554,557
980041,199
981655,670
982726,553
982727,487
983310,535
985823,404
985824,39
986193,143
987308,634
987768,146
987769,409
988408,508
988459,167
989092,533
991114,838
991329,730
991331,612
996122,271
996537,730
996597,212
996600,565
996606,916
996613,503
999545,764
999546,955
999547,324
1000866,205
1001305,733
1003679,934
1004545,187
1004550,238
1004551,918
1005456,653
1005458,380
1005461,1
1005463,500
1005464,584
1005465,303
1009512,568
1009539,423
1009946,477
1009997,462
1009998,435
1010752,793
1010755,364
1010757,730
1012473,984
1012787,748
1012788,984
1014864,279
1014865,792
1016067,598
1017349,85
1017791,776
1018516,523
1018617,286
1018878,657
1020237,298
1020940,125
1021281,923
1021676,595
1022053,927
1024975,28
1024976,345
1028589,553
1033395,17
1036189,664
1036317,832
1036320,692
1036689,74
1037412,312
1037654,407
1037838,122
1037845,26
1037846,422
1037856,837
1037857,125
1038937,847
1038945,954
1038946,626
1038950,598
1038952,195
1038953,177
1038954,386
1038962,970
1039087,7
1040170,40
1040348,812
1044584,204
1044592,443
1045449,301
1046272,62
1047394,223
1047395,374
1047396,357
1047674,749
1047675,120
1047679,222
1047680,299
1047681,101
1047682,999
1047685,717
1047686,456
1047690,524
1047695,396
1047696,13
1047698,940
1047699,464
1047702,836
1047703,526
1047705,339
1047707,413
1047709,765
1047717,586
1047721,340
1047733,807
1047734,302
1047735,624
1047740,700
1047743,131
1047751,18
1047752,964
1047753,162
1047755,670
1047756,346
1047757,435
1047758,180
1047772,43
1047773,376
1047774,630
1047775,290
1047786,780
1047790,268
1047793,649
1049595,922
1050142,252
1050370,765
1052022,551
1052563,604
1053943,313
1053944,510
1053945,115
1054129,414
1057033,142
1057034,175
1057490,520
1057491,962
1057495,314
1057498,709
1057515,855
1058820,776
1060036,501
1062338,180
1062374,398
1062926,888
1062927,272
1064018,279
1065599,190
1066900,171
1066901,919
1070962,837
1071928,728
1071949,994
1072167,307
1072173,142
1074327,307
1075283,849
1075891,128
1076065,119
1076066,778
1076155,311
1076335,232
1078288,387
1079214,276
1079215,650
1079220,258
1079254,545
1079257,655
1079258,66
1079329,514
1079331,207
1080001,701
1080009,852
1080021,441
1080756,69
1081359,265
1082042,189
1082391,744
1082578,847
1082907,931
1083152,448
1083154,508
1083196,266
1083517,836
1083518,944
1084365,973
1084417,728
1084425,990
1084436,75
1084437,988
1084881,286
1084882,813
1085148,126
1085150,51
1085246,817
1085486,440
1085686,532
1086172,485
1087269,60
1087270,639
1087467,468
1088002,486
1089044,353
1089045,389
1089046,718
1089079,976
1089163,265
1089820,607
1089843,150
1089844,695
1089845,983
1089846,495
1090401,590
1090419,865
1091333,672
1091338,406
1091365,770
1091366,19
1091367,899
1091368,993
1091369,78
1091370,589
1091467,743
1092008,932
1092061,305
1092106,743
1093340,323
1093344,599
1093786,256
1094235,280
1094238,771
1096235,640
1097187,917
1098624,965
1099990,346
1101724,616
1102268,167
1102970,202
1102971,310
1102975,492
1102976,556
1104598,5
1104599,173
1104650,234
1104725,329
1105210,86
1105211,968
1105212,573
1105213,511
1105214,187
1105215,163
1105228,141
1105299,233
1105831,349
1106968,597
1109116,408
1109173,303
1109211,721
1109235,715
1109325,667
1109326,870
1109389,805
1109390,523
1109391,237
1110679,410
1111202,992
1112450,20
1112839,59
1112840,519
1113847,435
1113852,241
1113872,292
1114566,5
1114567,177
1114749,49
1114754,989
1114761,548
1114903,476
1114914,185
1114924,188
1116113,934
1116370,274
1117661,823
1117662,115
1117663,901
1118683,811
1118691,22
1118775,750
1119216,462
1119217,656
1121513,339
1121514,209
1121515,544
1121615,235
1121616,327
1123722,219
1124164,125
1124165,464
1124973,289
1127860,1
1127862,570
1132005,311
1133955,897
1134971,359
1135438,567
1136979,623
1137146,995
1138053,374
1141956,825
1143685,909
1143686,246
1143691,497
1145374,431
1145597,942
1146496,540
1146497,592
1146648,942
1146783,969
1146784,731
1146785,314
1146786,146
1146787,579
1146795,606
1146796,545
1146797,960
1146799,364
1146800,201
1146801,664
1146802,679
1146803,361
1146804,461
1146974,485
1147017,349
1147495,13
1147731,253
1148017,184
1148018,156
1148548,267
1148719,967
1148753,624
1148812,299
1148971,411
1148972,424
1149069,474
1149225,163
1149579,411
1150362,672
1150700,880
1150954,601
1151128,209
1152017,822
1152346,795
1152348,31
1152350,644
1152355,874
1152464,173
1153584,500
1153597,310
1154749,220
1156722,898
1156724,653
1157329,59
1157462,234
1157479,933
1157561,878
1157562,167
1157564,565
1157685,741
1157699,328
1158705,194
1158719,312
1158720,721
1159413,12
1159414,714
1159415,373
1159597,12
1159598,642
1159726,625
1159728,537
1160752,936
1160754,504
1160796,409
1160872,994
1160873,488
1160882,623
1161046,11
1161555,666
1161556,754
1161557,169
1161571,371
1161572,418
1162382,636
1162755,344
1162759,620
1162761,810
1162932,381
1162933,826
1162934,328
1162935,833
1163577,943
1163583,368
1164290,959
1164923,530
1165987,619
1165988,151
1165989,438
1166036,320
1166474,600
1166475,743
1166478,543
1167175,305
1167188,303
1167487,339
1167544,558
1167545,743
1167614,49
1167754,56
1168684,69
1168717,496
1168718,87
1168738,86
1168741,145
1171140,190
1171142,776
1172015,117
1173210,798
1173213,629
1173853,607
1174923,839
1175993,760
1176558,891
1176559,320
1176560,18
1176561,77
1176562,838
1177984,218
1178687,795
1178691,470
1178692,281
1178696,276
1178697,121
1179109,582
1179117,510
1179119,242
1179579,742
1179580,873
1179581,832
1182733,705
1209718,472
1209719,97
1209720,618
1209721,99
1210038,352
1212452,746
1213906,530
1214325,475
1221045,791
1221054,535
1222571,812
1222575,982
1224495,79
1224521,161
1225768,6
1225769,772
1225770,183
1225771,782
1226506,268
1226507,834
1226920,690
1228300,13
1228312,976
1228319,350
1228320,886
1228321,320
1228937,116
1228945,783
1228950,319
1228994,550
1228995,351
1229023,879
1229025,369
1229026,867
1229028,80
1229440,209
1229469,178
1229500,426
1229566,236
1229576,661
1229584,63
1229591,495
1229625,102
1229636,23
1229642,746
1229643,651
1229664,877
1229676,916
1229686,942
1229882,541
1229919,760
1229920,421
1229935,322
1230003,998
1230014,833
1230060,27
1230228,754
1230244,516
1230327,974
1230416,316
1230417,320
1230418,75
1230426,289
1230430,422
1230440,171
1230441,584
1230461,561
1231869,412
1233161,87
1234340,137
1235251,329
1235334,849
1235364,655
1235365,358
1237005,167
1237410,790
1238497,460
1239294,432
1239720,213
1239736,468
1239739,597
1239740,466
1239741,241
1239746,138
1239748,941
1239749,769
1239782,714
1239783,956
1239785,14
1239788,999
1239789,339
1239790,733
1239791,231
1239792,143
1239793,519
1239794,24
1239795,898
1239796,586
1239797,173
1239798,676
1239800,798
1239806,874
1239807,893
1239808,233
1239809,160
1239810,588
1239812,54
1239813,590
1239815,220
1239817,903
1239818,135
1239819,414
1239820,503
1239840,249
1239841,627
1239842,659
1239843,812
1239844,623
1239845,303
1239846,717
1239847,414
1239852,713
1239853,615
1239854,961
1239855,547
1239856,235
1239857,770
1239858,185
1239859,781
1239860,109
1239861,791
1239862,19
1239867,709
1239868,673
1239869,590
1239870,537
1239871,162
1239875,57
1239876,768
1239877,54
1239879,168
1239880,143
1239881,788
1239882,314
1239883,480
1239887,995
1239890,236
1239891,440
1239897,510
1239898,954
1239899,563
1239901,138
1239902,660
1239903,419
1239905,734
1239906,990
1239908,690
1239911,676
1239912,635
1239913,884
1239914,765
1239915,608
1239916,396
1239918,735
1239953,498
1239954,994
1239955,132
1239956,718
1239986,455
1240160,774
1242666,395
1242667,985
1242670,907
1243803,836
1243805,478
1243814,168
1243815,548
1243816,730
1243817,280
1245918,827
1246493,164
1246495,982
1246498,583
1246757,466
1246758,109
1246784,327
1246785,462
1247036,796
1248391,952
1248394,70
1248464,992
1250226,856
1253470,565
1253708,629
1253765,793
1254013,218
1254310,660
1255777,59
1257555,196
1259006,744
1259007,828
1259952,13
1260238,724
1260241,676
1260242,382
1261025,25
1261376,337
1273024,93
1279049,229
1280677,652
1281011,656
1281253,397
1281780,446
1282047,234
1282207,362
1284221,433
1285150,854
1285154,507
1288226,894
1288843,359
1289417,437
1289418,410
1294665,150
1298766,751
1299616,80
1300325,152
1302670,379
1303141,796
1304243,22
1304488,191
1304490,577
1304491,944
1305845,83
1306155,611
1306196,661
1306197,557
1306198,510
1306199,972
1309245,320
1309246,83
1309297,121
1309298,810
1309300,778
1309560,550
1309672,19
1309856,368
1310076,14
1310081,797
1311104,129
1312957,354
1313222,617
1313223,325
1314409,400
1314549,802
1316369,937
1316461,844
1317092,387
1317094,986
1317095,233
1317096,319
1320180,575
1320701,592
1320708,409
1320857,374
1321332,571
1321336,73
1321497,53
1322479,735
1323011,841
1323422,554
1323985,505
1324174,511
1324182,831
1324591,304
1324667,386
1324668,112
1324670,139
1324845,639
1324851,550
1325324,665
1325325,269
1325330,833
1325362,187
1328340,695
1328471,384
1328495,546
1328672,713
1328907,224
1331068,394
1331407,95
1332103,689
1332664,32
1332688,608
1332689,437
1333224,305
1333225,866
1333307,490
1333994,975
1334068,984
1334074,855
1335305,791
1336459,3
1336461,623
1339795,198
1339879,51
1339880,85
1339882,766
1339883,292
1342003,571
1342006,122
1342007,649
1342008,209
1342009,555
1344514,939
1344755,580
1345067,380
1345068,158
1345070,829
1345071,865
1345072,714
1345337,628
1345352,448
1345981,188
1346410,352
1346621,921
1346624,144
1346625,868
1346626,67
1346627,245
1346628,80
1346629,47
1346630,967
1346631,627
1346632,211
1346636,679
1346637,607
1346638,970
1346643,975
1347810,143
1347811,718
1347977,65
1348487,704
1348510,306
1348983,919
1349068,408
1349806,49
1349807,85
1349808,458
1350565,643
1351227,193
1351305,483
1352751,640
1352754,446
1352758,444
1353189,822
1353191,331
1353969,516
1354380,174
1354381,475
1354382,24
1354383,729
1354384,323
1354385,58
1354386,382
1354387,230
1354388,774
1354389,843
1354390,751
1354711,774
1354712,447
1354713,640
1354714,28
1354719,959
1356038,394
1359503,800
1360009,798
1360010,617
1360012,145
1360013,248
1361205,907
1363876,622
1363877,427
1363878,707
1364636,574
1366212,4
1366213,69
1367273,602
1367438,347
1368456,780
1368479,657
1368480,935
1368488,418
1369793,297
1369873,139
1369875,475
1369876,661
1369972,920
1369973,876
1370025,148
1370542,165
1370547,668
1370548,696
1370552,773
1370564,115
1370565,518
1370566,564
1370568,822
1370572,187
1370574,665
1370587,619
1370588,901
1370589,42
1371395,621
1371618,378
1371620,544
1372308,745
1372309,765
1372326,591
1372511,282
1372563,477
1372566,147
1372585,626
1372862,779
1373031,423
1373037,567
1373081,395
1373394,740
1373408,120
1373409,712
1373444,481
1373944,838
1373976,186
1379151,893
1379154,134
1379158,246
1379194,550
1379210,996
1386120,687
1386220,623
1386250,484
1386506,786
1386695,149
1386696,705
1386894,450
1387609,720
1388521,294
1388559,124
1388568,612
1388574,213
1390351,581
1390352,475
1390405,891
1391408,75
1391548,193
1391549,704
1392256,261
1392260,330
1392261,923
1392262,341
1392627,631
1392628,822
1393033,630
1393047,516
1394348,925
1394349,740
1395693,736
1396282,194
1397060,6
1397061,988
1397062,220
1397067,419
1397068,74
1397779,935
1397797,813
1397802,847
1398687,97
1398688,590
1399750,123
1400328,252
1400329,982
1400330,350
1400331,348
1400332,164
1400334,857
1400826,180
1400846,71
1401722,662
1401733,310
1401735,750
1402017,624
1402024,902
1402032,97
1402040,355
1402041,462
1402045,143
1402545,963
1402643,955
1403463,854
1403464,723
1404385,445
1404410,820
1404411,723
1405685,609
1410764,991
1410765,933
1410768,431
1410769,756
1410773,57
1410792,881
1410850,219
1411065,765
1412115,678
1412204,887
1412379,667
1412392,472
1412393,593
1412519,124
1412575,364
1415679,681
1416362,950
1417148,495
1417154,583
1417697,575
1418022,656
1418259,151
1418484,378
1418842,512
1418844,723
1418845,9
1418846,508
1418847,98
1420007,932
1421156,890
1421428,66
1421429,51
1421438,68
1422036,522
1422222,392
1422284,716
1422347,970
1422500,614
1422815,707
1422817,400
1422835,579
1422837,437
1422849,368
1423681,861
1426023,315
1427659,857
1428328,940
1428330,561
1428331,704
1428779,228
1430040,909
1430041,350
1430080,313
1430081,13
1430082,597
1430083,812
1441468,136
1441511,972
1441513,570
1441514,727
1441515,768
1441516,833
1441517,687
1441817,458
1442157,618
1444597,858
1444598,379
1444600,707
1444615,413
1445215,166
1445281,370
1446726,867
1447815,116
1447817,193
1449487,75
1449645,914
1452378,91
1453122,522
1453123,707
1453124,925
1454707,156
1454708,748
1455272,700
1455482,869
1455485,412
1455790,681
1455886,878
1456171,852
1456346,749
1456881,481
1456886,548
1456909,293
1456910,399
1456912,796
1456916,622
1456917,805
1456921,120
1456922,742
1456931,80
1456935,753
1456939,960
1456952,176
1456993,234
1456994,596
1456995,654
1456996,933
1456997,597
1456998,279
1457000,656
1457001,342
1457002,815
1457003,649
1457004,107
1457005,858
1457012,690
1457020,584
1457031,868
1457039,659
1457160,250
1457168,657
1457175,921
1457176,747
1457177,466
1457178,111
1457179,209
1457180,624
1457181,122
1457182,975
1457183,252
1457184,490
1457185,198
1457192,628
1457199,556
1457201,727
1457202,297
1457217,406
1457228,750
1457229,115
1457230,321
1457231,427
1457239,680
1457240,899
1457245,685
1457247,628
1457251,519
1457256,973
1457311,516
1457328,756
1457333,264
1457335,453
1457337,973
1457338,404
1457339,427
1457340,739
1457341,339
1457342,119
1457344,984
1457346,501
1457359,224
1457396,880
1457409,217
1457411,416
1457416,245
1457417,392
1457518,878
1457834,31
1457835,585
1457840,789
1457948,529
1457990,944
1458088,478
1458329,773
1458461,314
1458834,622
1458842,200
1458844,710
1458847,371
1458848,718
1458849,31
1458850,913
1458851,660
1458914,312
1458920,770
1459058,812
1459067,432
1459225,646
1459226,644
1459514,637
1459515,117
1459692,607
1459697,661
1460018,92
1460019,673
1460020,591
1460021,996
1460808,292
1463437,983
1463441,617
1463451,153
1463483,529
1463484,6
1463507,27
1463509,470
1463510,442
1463555,224
1463566,415
1463568,817
1463569,326
1463587,585
1463591,625
1463594,997
1463595,893
1463596,841
1463602,237
1463603,814
1463604,69
1463609,874
1463610,138
1463611,486
1463619,943
1463620,141
1463621,10
1463625,85
1463626,382
1463632,628
1463637,168
1463693,790
1463707,73
1463765,341
1463767,107
1463769,558
1463770,652
1463771,569
1463772,130
1463773,684
1463783,173
1463784,931
1463786,240
1463787,682
1463788,221
1463789,671
1463790,256
1463791,446
1463797,774
1463798,937
1463799,429
1463800,683
1463801,409
1463805,665
1463806,844
1463807,11
1463808,383
1463810,515
1463812,386
1463814,126
1463819,225
1463820,905
1463823,278
1463825,588
1463851,354
1463852,847
1463855,16
1463857,950
1463859,299
1463860,122
1463862,463
1463864,183
1463865,806
1463866,830
1463867,149
1463881,656
1463882,841
1463883,401
1463885,209
1463886,59
1463887,175
1463888,72
1463896,842
1463897,924
1463898,911
1463899,703
1463900,143
1463914,219
1463934,332
1463935,906
1463936,882
1463992,905
1463993,685
1463994,74
1463995,254
1463998,555
1464002,278
1464005,855
1464008,317
1464010,639
1464025,700
1464027,216
1464028,663
1464029,617
1464031,451
1464034,917
1464035,418
1464038,644
1464039,506
1464041,391
1464042,897
1464043,810
1464045,883
1464063,211
1464065,374
1464066,130
1464070,302
1464071,130
1464072,828
1464073,857
1464074,122
1464076,683
1464077,771
1464079,985
1464081,293
1464082,95
1464086,663
1464087,4
1464088,451
1464090,127
1464091,635
1464092,387
1464093,442
1464094,996
1464095,451
1464097,939
1464099,268
1464133,601
1464134,596
1464137,717
1464153,852
1464177,692
1464186,401
1464188,681
1464192,405
1464194,348
1464196,444
1464198,516
1464201,187
1464205,293
1464207,252
1464208,560
1464209,12
1464210,491
1464217,48
1464218,31
1464237,715
1464238,503
1464239,659
1464240,890
1464241,354
1464246,753
1464256,465
1464257,789
1464258,479
1464302,534
1464309,655
1464312,247
1464469,445
1464607,34
1464907,385
1464910,512
1464919,539
1464941,298
1465130,922
1465644,66
1466039,938
1466047,911
1466049,968
1466077,207
1466281,388
1466286,469
1466288,185
1466819,170
1466826,362
1466827,853
1466830,157
1466832,172
1466833,137
1466835,555
1466836,271
1467082,369
1467088,950
1467093,836
1471143,129
1471460,149
1471461,13
1471462,67
1471722,923
1471903,774
1471911,104
1471912,944
1471913,561
1471916,823
1471956,727
1472433,887
1472451,88
1472453,325
1472479,45
1472484,554
1472485,120
1472487,461
1472489,219
1473393,805
1473394,599
1473396,104
1473401,534
1473402,864
1473403,411
1473404,256
1473405,578
1473406,429
1473409,54
1473410,15
1473411,5
1473412,463
1473413,836
1473414,409
1473415,790
1473425,769
1473427,675
1473428,798
1473474,878
1473475,439
1473476,874
1473477,496
1473478,747
1473479,489
1473480,293
1473481,925
1473482,212
1473483,846
1473484,57
1473485,692
1473486,924
1473487,919
1473488,914
1473489,386
1473499,380
1473500,353
1473509,697
1473511,998
1473513,188
1489660,390
1489662,340
1489691,760
1489694,392
1489741,426
1489833,325
1489835,788
1489836,582
1489837,292
1489838,826
1489850,501
1489853,582
1489868,639
1489869,295
1489870,645
1489871,916
1489872,798
1489873,400
1489879,742
1489880,429
1489881,322
1489882,691
1489886,142
1489890,108
1489895,651
1489897,926
1489899,397
1489900,792
1489908,21
1490588,669
1492315,698
1501508,672
1501520,762
1501521,152
1501524,964
1501525,166
1501536,670
1501541,365
1501544,776
1501547,993
1501559,360
1501570,436
1501579,641
1501581,463
1502383,744
1502391,855
1502392,630
1503117,336
1503823,26
1503844,451
1503847,122
1503854,992
1503855,492
1503891,458
1503899,197
1507720,119
1532032,320
1532033,136
1532035,443
1533184,437
1533338,138
1533357,593
1533358,273
1533364,697
1533365,569
1550461,20
1575223,42
1575231,778
1575235,818
1575237,302
1575239,732
1575240,970
1575245,432
1575246,10
1575249,417
1575252,846
1576262,879
1576263,584
1576265,860
1576285,695
1576312,529
1576313,659
1576314,877
1576315,46
1576316,452
1576317,145
1576318,284
1576321,91
1576322,333
1576323,148
1576324,861
1576325,268
1576326,402
1576327,538
1576328,124
1576329,571
1576330,855
1576332,984
1576589,950
1579069,143
1579070,33
1579081,778
1579082,308
1583407,4
1583522,751
1583523,153
1583526,60
1583544,493
1584293,936
1584295,756
1584297,953
1584298,886
1584300,54
1584301,681
1584303,338
1584305,503
1584307,94
1584309,159
1584344,850
1584348,331
1584353,974
1584358,71
1584363,334
1584365,41
1584369,46
1584374,434
1584379,841
1584390,286
1584399,564
1584574,797
1584575,119
1584576,500
1585782,409
1588319,890
1609719,271
1609724,533
1609729,819
1609730,609
1609836,868
1621528,834
1621529,832
1625605,697
1639937,554
1642397,959
1642398,391
1642399,685
1642400,395
1642401,398
1642664,708
1658994,872
1660186,997
1660188,860
1660191,152
1660193,487
1660194,144
1660239,297
1660260,668
1660261,336
1660271,283
1660272,21
1662320,953
1672580,385
1672581,158
1673264,830
1673295,782
1673297,892
1686635,266
1686637,840
1686641,381
1686644,193
1686650,587
1686652,884
1686656,22
1686663,416
1686664,560
1686665,828
1686668,294
1686685,529
1689854,638
1689920,226
1689921,325
1689929,843
1693644,982
1693645,493
1693647,461
1693648,277
1693652,38
1693653,954
1693656,677
1693657,605
1695813,186
1695815,654
1695816,729
1695820,56
1695823,537
1695825,477
1695828,833
1695830,169
1695831,471
1695835,8
1695836,159
1695837,976
1695840,370
1695841,343
1695844,467
1695845,393
1695846,473
1695847,421
1695848,319
1695860,100
1695865,703
1695872,819
1695873,283
1695874,760
1695875,81
1695879,944
1695882,675
1695886,907
1695887,311
1695888,608
1695900,411
1695901,983
1695904,269
1695905,281
1695907,890
1695912,204
1695925,309
1695931,133
1695932,880
1695935,435
1695936,450
1695940,892
1695950,759
1695956,764
1695959,87
1695961,19
1695964,967
1695965,209
1695966,843
1695971,849
1695972,122
1695978,846
1695979,183
1695983,553
1695984,927
1695989,510
1695991,126
1695994,469
1695995,480
1695999,39
1696003,661
1696007,293
1696008,562
1696013,733
1696014,783
1696015,29
1696020,556
1696021,117
1696022,601
1696023,985
1696025,266
1696026,914
1696029,34
1696036,907
1696038,444
1696039,37
1696041,556
1696042,803
1696044,286
1696046,251
1696047,181
1696051,397
1696052,137
1707160,471
1709252,792
1711747,345
1717057,941
1717134,64
1717181,689
1717269,247
1717271,725
1717640,6
1717663,48
1718310,850
1718319,565
1719236,563
1719504,387
1726000,466
1726002,410
1726009,375
1726956,880
1730015,458
1741423,850
1751174,256
1751175,975
1751176,897
1765164,296
1898959,526
1898960,741
1898961,293
1898998,959
1899450,836
1900715,759
1903391,820
1903428,127
1903432,862
1903500,121
1903501,961
1903717,710
1904678,384
1905638,41
1905639,842
1905800,927
1906099,681
1906100,910
1906821,749
1908028,233
1908340,631
1909408,304
1909409,123
1909411,69
1909412,724
1909453,671
1909482,318
1909483,112
1909699,975
1909708,568
1909724,705
1909729,34
1909748,470
1909752,342
1909754,686
1909755,491
1909770,639
1909901,810
1910055,93
1910611,380
1911102,907
1911336,816
1912671,81
1913055,815
1913230,930
1913236,308
1913257,487
1913258,657
1913462,510
1913463,13
1913464,313
1913595,839
1913596,114
1913599,85
1913600,68
1913604,507
1913813,399
1914276,778
1914277,398
1914278,665
1914279,78
1914280,319
1914367,645
1914503,537
1914782,794
1914786,336
1915000,58
1915036,780
1915102,757
1916165,139
1916208,290
1916209,413
1916577,52
1916578,220
1916579,994
1917879,613
1918621,719
1919674,707
1919795,41
1919933,468
1919935,123
1919937,209
1919977,998
1920016,335
1920035,978
1920045,776
1920046,167
1920057,474
1920059,821
1920067,209
1920069,123
1920071,982
1920072,744
1920080,204
1920084,372
1920095,804
1920096,536
1920107,87
1920117,770
1920141,998
1920145,348
1920284,766
1920863,523
1921118,332
1921769,525
1921770,97
1922657,421
1923218,394
1924591,152
1924661,219
1924662,90
1926105,862
1926106,474
1926107,281
1926217,465
1929795,685
1929797,688
1930065,953
1930967,689
1931046,125
1931047,417
1931079,653
1932491,433
1932492,629
1932493,916
1932980,809
1933240,654
1935388,662
1935459,750
1935465,683
1935601,109
1936173,349
1936510,677
1936589,696
1936629,472
1936647,801
1936771,295
1936931,539
1937039,323
1937083,13
1937350,801
1937443,594
1937454,743
1937608,510
1937611,465
1937662,207
1938021,882
1938490,549
1938600,363
1939144,305
1939221,456
1939239,978
1939383,234
1939424,72
1939531,797
1940026,637
1940454,375
1940466,884
1942510,51
1943149,65
1943435,908
1943792,634
1944334,461
1944828,155
1944889,631
1944899,104
1945572,655
1945851,278
1945991,947
1946155,821
1946311,614
1946325,99
1946668,422
1948161,148
1948220,817
1948305,775
1948372,920
1948448,926
1948483,68
1948550,346
1948632,670
1949662,228
1949872,67
1949898,371
1950029,686
1950170,420
1950263,692
1950301,746
1950405,479
1950658,367
1950703,544
1950890,793
1951039,166
1951042,361
1954510,687
1954663,623
1954748,342
1954766,628
1954771,688
1955347,131
1956004,382
1956062,599
1956354,93
1956479,600
1956622,983
1957078,115
1957773,213
1958166,587
1958171,250
1958175,567
1958177,930
1958179,345
1958181,267
1958185,150
1958186,926
1958187,498
1958189,633
1958191,693
1958193,138
1958200,298
1958201,29
1958202,796
1958210,284
1958216,797
1958217,291
1958218,495
1958219,635
1958223,122
1958226,157
1958231,374
1958238,873
1958245,314
1958249,261
1958252,465
1958262,579
1958268,53
1958713,468
1959817,318
1960256,74
1960304,988
1960591,485
1960613,335
1960691,828
1960765,611
1960806,167
1960892,436
1960944,937
1961065,956
1961112,981
1961161,202
1961293,107
1961595,265
1961606,957
1962621,313
1962694,135
1962824,339
1963265,176
1963277,29
1963324,401
1963330,472
1963348,858
1963363,83
1963404,630
1963459,935
1963540,722
1963561,337
1963591,85
1963606,626
1963684,842
1963740,233
1963752,608
1963811,503
1963838,301
1963892,481
1963919,838
1964111,592
1964356,406
1964738,295
1964739,532
1964804,660
1964810,158
1964850,808
1965074,720
1965343,751
1965358,763
1965367,426
1965425,412
1965457,919
1965539,945
1965732,119
1965853,80
1965878,898
1965978,335
1966167,374
1966629,818
1966995,739
1967038,913
1967150,739
1967566,198
1967642,467
1967660,730
1967914,951
1968073,576
1968167,318
1968318,386
1968368,401
1968390,200
1968452,159
1968666,479
1968938,903
1969477,787
1969485,476
1969675,416
1969863,2
1969899,224
1969929,868
1970094,412
1970207,886
1970428,952
1970831,593
1971255,659
1971317,682
1971328,722
1971338,833
1971365,52
1971373,780
1971394,712
1971423,223
1971436,800
1971461,573
1971730,304
1971792,422
1972039,176
1972138,841
1972227,354
1972316,664
1972443,351
1972462,607
1972587,357
1972601,358
1972673,956
1972737,772
1972763,249
1972782,558
1972822,408
1973454,561
1973543,793
1973587,942
1973606,533
1973919,104
1974834,785
1974848,143
1974921,837
1974931,742
1975439,322
1975468,23
1975512,23
1975514,848
1975527,807
1975558,749
1975562,998
1975571,26
1975578,446
1975584,870
1975598,142
1975602,678
1975649,452
1975680,142
1975686,752
1975715,777
1976186,812
1976260,606
1976284,196
1976342,813
1976349,502
1976710,814
1977218,352
1977420,881
1977486,415
1977887,176
1977901,568
1977997,883
1978835,238
1979200,313
1979268,789
1980485,818
1980532,209
1980590,752
1980702,570
1980754,370
1980755,819
1980816,646
1981370,148
1981470,479
1981607,566
1981836,234
1981900,267
1982059,554
1985099,785
1986436,78
1986500,888
1986524,421
1986603,873
1986627,882
1986680,614
1986760,258
1986825,215
1987120,997
1987152,957
1987263,983
1987383,266
1987464,582
1987653,63
1987709,22
1987893,298
1988256,432
1988377,498
1988467,643
1988754,932
1988902,58
1988975,93
1989346,985
1989798,571
1990061,318
1990194,178
1990453,501
1990578,394
1990612,323
1990640,348
1990673,358
1990742,407
1990768,917
1990881,216
1991041,473
1991097,635
1991151,948
1991217,402
1991561,159
1992672,866
1992914,783
1993077,985
1993091,627
1993195,675
1993337,299
1993601,442
1993625,483
1993879,680
1994369,663
1994863,497
1994926,29
1994941,815
1997322,344
1997781,93
1997895,83
1997976,864
1998005,451
1998078,336
1998889,202
1998945,605
1999114,835
1999775,53
1999969,200
2000482,994
2000873,454
2001183,453
2001209,244
2001632,560
2002043,263
2002136,11
2002166,829
2002282,884
2002412,790
2002445,362
2002465,669
2002469,725
2002703,940
2002963,673
2003375,706
2003389,960
2003392,13
2003409,762
2003709,218
2004673,666
2004694,259
2004738,275
2004754,547
2005047,437
2005057,19
2005060,296
2005083,239
2005102,785
2005143,48
2005274,117
2005298,870
2005335,388
2005384,856
2005613,791
2005731,468
2005844,804
2005877,355
2005984,118
2006047,943
2006089,362
2006144,202
2006310,747
2006614,717
2006630,300
2006779,662
2006810,620
2006812,443
2006928,450
2007088,465
2007114,22
2007117,388
2007133,88
2007186,328
2007250,441
2007265,377
2007505,632
2008518,328
2008562,335
2008567,685
2008571,612
2008589,373
2008747,592
2009639,185
2009827,942
2010049,950
2010082,540
2010125,956
2010127,133
2010192,748
2010216,211
2010233,898
2010235,70
2010260,836
2010269,911
2010278,496
2010282,557
2010290,917
2010315,48
2010329,947
2010356,175
2010359,31
2010370,354
2010379,896
2010404,975
2010419,702
2010428,842
2010444,585
2010456,539
2010487,138
2010498,454
2010511,624
2010519,560
2010568,250
2010574,618
2010598,388
2010615,787
2010652,929
2010667,767
2010676,591
2010693,338
2010702,862
2010743,176
2010755,388
2010756,125
2010762,142
2010766,720
2010779,653
2010786,942
2010793,827
2010837,497
2010880,983
2010885,66
2010902,295
2010913,640
2010916,793
2010918,386
2010945,758
2010959,186
2010964,759
2010972,380
2010989,732
2011008,352
2011032,828
2011054,621
2011073,154
2011080,141
2011105,7
2011110,942
2011114,251
2011127,670
2011148,964
2011153,581
2011155,995
2011200,759
2011208,198
2011211,147
2011216,534
2011218,125
2011220,709
2011225,737
2011243,474
2011259,977
2011266,775
2011328,807
2011329,434
2011346,564
2011399,313
2011401,134
2011437,497
2011448,294
2011449,852
2011450,546
2011451,444
2011457,813
2011459,892
2011463,693
2011468,860
2011470,115
2011471,250
2011583,781
2011872,204
2011898,87
2011910,44
2011927,991
2011934,341
2011938,836
2012385,35
2012410,689
2012576,491
2012591,251
2012970,793
2013086,460
2013309,175
2013450,192
2013621,219
2013632,408
2013648,359
2013651,25
2013674,933
2013931,108
2014053,596
2014085,764
2014089,501
2014094,901
2014097,225
2014922,90
2015628,772
2015646,32
2015815,355
2015820,411
2015898,951
2016322,256
2016362,774
2016407,85
2016419,960
2016441,447
2016619,191
2016642,191
2016716,718
2016737,215
2016738,163
2016795,114
2016864,764
2017079,929
2017173,671
2017184,496
2017202,749
2017241,415
2017245,822
2017257,437
2017343,158
2017583,133
2018087,12
2018245,944
2018273,754
2018358,417
2018397,126
2018471,155
2018612,506
2018690,688
2018753,743
2019084,55
2026256,452
2026304,301
2026312,229
2026369,880
2026432,337
2026444,543
2026454,257
2026501,340
2026597,847
2026609,597
2026631,533
2026650,231
2026683,182
2026801,604
2026858,554
2026893,351
2026945,427
2026959,151
2026983,904
2027090,828
2027203,265
2027252,495
2027559,113
2027649,617
2027777,422
2027809,481
2027827,108
2028217,378
2028307,512
2028315,771
2028335,877
2028403,427
2028404,694
2028435,25
2028696,459
2028754,347
2028810,685
2028898,77
2028983,508
2029427,39
2029457,886
2029467,514
2029494,652
2029519,369
2029543,651
2030002,701
2030447,991
2030606,542
2030822,958
2031266,485
2031273,541
2031309,390
2031325,276
2031378,821
2032088,550
2032488,27
2033554,683
2033699,887
2033805,896
2033992,813
2034104,551
2034132,667
2034212,840
2035258,831
2035293,25
2035576,454
2035581,871
2035587,384
2036460,321
2036465,880
2036574,509
2036618,200
2036676,283
2037008,582
2037148,92
2037269,462
2037487,97
2040614,322
2040637,207
2040862,962
2042210,132
2042314,202
2042436,720
2042614,904
2042941,649
2042947,798
2043198,57
2043261,759
2043559,406
2043795,342
2043849,28
2045162,254
2045280,81
2045360,651
2045373,236
2045493,298
2045533,602
2045545,752
2045637,916
2045783,423
2045834,516
2045986,119
2046021,234
2046260,527
2046297,928
2046298,259
2046348,755
2046528,3
2046552,40
2046591,364
2046670,474
2046789,268
2046805,623
2046903,539
2046916,182
2047159,220
2047211,803
2047495,885
2047496,900
2047506,77
2047508,417
2047752,360
2048113,970
2048139,350
2048141,78
2048163,327
2048164,691
2048182,757
2048193,182
2048242,699
2048246,593
2048248,160
2048271,100
2048279,597
2048300,774
2048313,667
2048323,211
2048358,117
2048362,88
2048374,637
2048381,266
2048399,980
2048406,792
2048421,273
2048471,27
2048515,10
2048546,720
2048596,353
2048609,586
2048624,401
2048633,570
2048674,204
2048874,906
2048954,775
2049003,887
2049026,29
2049037,83
2049081,812
2049153,867
2049304,187
2049778,276
2051064,967
2052563,100
2053415,644
2053564,456
2053590,917
2053610,161
2053614,53
2053630,263
2053751,489
2053874,533
2054101,926
2054291,174
2054300,572
2054580,573
2054605,770
2054635,931
2054903,190
2056549,439
2056557,269
2056764,426
2056876,435
2057033,324
2057231,663
2057387,339
2057442,407
2057762,262
2058362,37
2058758,356
2058764,678
2058895,994
2058907,901
2059122,13
2059277,223
2059342,4
2059647,145
2059799,83
2060787,350
2060793,998
2060910,535
2061025,757
2061033,218
2061121,189
2061214,676
2061404,264
2061781,103
2062477,298
2062912,278
2067056,598
2067123,236
2067333,637
2068536,333
2072545,575
2075374,58
2075733,280
2076761,986
2081050,439
2081056,149
2081064,850
2081095,926
2081139,439
2081142,890
2081161,278
2081175,146
2083837,324
2083859,939
2084278,938
2084557,851
2084706,761
2086882,545
2087374,443
2087409,727
2087543,153
2087567,765
2087933,393
2087978,696
2088860,448
2088922,290
2088946,650
2089036,513
2089224,89
2089250,491
2089276,717
2089339,714
2089789,380
2090125,33
2091318,466
2099230,772
2101795,338
2103250,947
2105347,769
2106464,75
2108569,48
2108843,796
2109909,170
2109969,694
2110456,486
2111684,54
2111870,889
2112280,580
2112303,126
2112404,40
2112461,114
2112462,614
2112607,702
2113343,603
2113914,635
2114566,252
2114752,324
2114812,813
2116132,490
2116139,824
2116238,688
2116416,692
2116470,692
2117783,592
2118397,416
2118662,678
2120180,773
2120216,648
2120506,342
2120681,249
2120723,379
2120768,931
2121319,318
2121610,755
2121690,528
2122188,904
2122676,751
2122818,783
2122868,161
2122947,295
2123036,605
2123209,60
2123410,684
2123463,874
2123468,926
2123711,885
2123727,740
2123747,965
2123750,98
2123775,152
2123790,748
2123791,352
2123839,301
2123859,552
2123863,915
2124052,909
2124705,67
2125814,429
2126696,326
2126842,910
2126944,220
2127024,324
2127069,840
2127114,149
2127175,684
2127206,445
2127544,908
2127651,624
2127733,612
2127825,418
2127921,615
2127992,428
2128628,539
2128799,218
2129334,741
2129350,766
2129387,763
2129515,616
2129616,907
2129678,952
2129786,378
2129790,233
2129892,482
2129994,818
2130131,463
2130219,473
2130265,724
2130352,181
2130474,898
2130521,257
2130526,648
2130553,271
2131010,960
2131572,856
2131699,779
2132163,449
2132318,899
2132945,969
2132957,334
2134058,657
2134244,489
